"RK",TIERS,"PLAYER NAME",TEAM,"POS","AGE","BEST","WORST","AVG.","STD.DEV","ECR VS. ADP"
"1",1,"Josh Allen",BUF,"QB1","29","1","3","1.7","0.8","-"
"2",1,"Lamar Jackson",BAL,"QB2","28","1","3","2.0","0.7","-"
"3",1,"Jayden Daniels",WAS,"QB3","24","1","6","2.7","1.3","-"
"4",1,"Joe Burrow",CIN,"QB4","28","3","11","4.8","1.9","-"
"5",2,"Jalen Hurts",PHI,"QB5","27","4","14","6.3","2.4","-"
"6",2,"Ja'Marr Chase",CIN,"WR1","25","3","9","6.5","1.7","-"
"7",2,"Justin Jefferson",MIN,"WR2","26","4","10","7.6","1.8","-"
"8",2,"Patrick Mahomes II",KC,"QB6","29","6","22","9.4","5.0","-"
"9",3,"Bijan Robinson",ATL,"RB1","23","7","18","12.7","3.7","-"
"10",3,"CeeDee Lamb",DAL,"WR3","26","7","21","13.0","4.3","-"
"11",3,"Malik Nabers",NYG,"WR4","22","5","20","13.3","4.0","-"
"12",3,"Justin Herbert",LAC,"QB7","27","7","31","13.4","7.5","-"
"13",3,"Jahmyr Gibbs",DET,"RB2","23","8","21","15.2","3.5","-"
"14",3,"Amon-Ra St. Brown",DET,"WR5","25","10","26","18.4","5.5","-"
"15",3,"Drake Maye",NE,"QB8","22","7","39","18.6","9.4","-"
"16",3,"Caleb Williams",CHI,"QB9","23","8","38","18.6","7.5","-"
"17",3,"Puka Nacua",LAR,"WR6","24","9","29","18.8","5.3","-"
"18",3,"Bo Nix",DEN,"QB10","25","11","44","18.9","8.2","-"
"19",3,"Brian Thomas Jr.",JAC,"WR7","22","12","26","19.3","4.2","-"
"20",3,"C.J. Stroud",HOU,"QB11","23","10","39","19.4","9.4","-"
"21",3,"Ashton Jeanty",LV,"RB3","21","13","26","19.5","3.6","-"
"22",4,"Nico Collins",HOU,"WR8","26","16","30","24.3","4.5","-"
"23",4,"Drake London",ATL,"WR9","24","20","36","27.4","4.8","-"
"24",4,"Jordan Love",GB,"QB12","26","14","58","27.5","14.0","-"
"25",4,"Saquon Barkley",PHI,"RB4","28","19","38","28.1","5.4","-"
"26",4,"Baker Mayfield",TB,"QB13","30","17","47","28.1","9.1","-"
"27",4,"Brock Purdy",SF,"QB14","25","15","76","28.6","15.5","-"
"28",4,"Brock Bowers",LV,"TE1","22","13","43","28.9","9.6","-"
"29",5,"Kyler Murray",ARI,"QB15","28","15","78","29.9","16.3","-"
"30",5,"De'Von Achane",MIA,"RB5","23","23","41","30.4","5.3","-"
"31",5,"Ladd McConkey",LAC,"WR10","23","21","41","30.9","4.9","-"
"32",5,"A.J. Brown",PHI,"WR11","28","24","41","33.8","5.2","-"
"33",5,"Jaxon Smith-Njigba",SEA,"WR12","23","24","50","34.4","6.1","-"
"34",5,"Garrett Wilson",NYJ,"WR13","25","24","45","34.9","5.0","-"
"35",5,"Marvin Harrison Jr.",ARI,"WR14","23","31","47","36.5","3.9","-"
"36",5,"Breece Hall",NYJ,"RB6","24","23","51","36.6","7.0","-"
"37",5,"Trevor Lawrence",JAC,"QB16","25","18","61","37.7","12.6","-"
"38",5,"Omarion Hampton",LAC,"RB7","22","24","60","37.9","8.4","-"
"39",5,"Trey McBride",ARI,"TE2","25","20","47","38.5","7.3","-"
"40",5,"Bucky Irving",TB,"RB8","22","31","65","39.6","8.1","-"
"41",5,"Jonathan Taylor",IND,"RB9","26","28","68","41.0","12.2","-"
"42",5,"Tee Higgins",CIN,"WR15","26","32","50","42.0","3.9","-"
"43",5,"Travis Hunter",JAC,"WR16","22","30","50","42.1","4.9","-"
"44",6,"J.J. McCarthy",MIN,"QB17","22","24","58","42.6","12.6","-"
"45",6,"Tetairoa McMillan",CAR,"WR17","22","27","99","44.9","13.8","-"
"46",6,"Rashee Rice",KC,"WR18","25","30","62","45.5","7.5","-"
"47",6,"Jared Goff",DET,"QB18","30","25","70","50.4","11.8","-"
"48",6,"DeVonta Smith",PHI,"WR19","26","43","61","50.4","5.1","-"
"49",6,"Kyren Williams",LAR,"RB10","24","30","66","50.5","9.4","-"
"50",6,"Zay Flowers",BAL,"WR20","24","46","75","53.0","8.0","-"
"51",6,"Sam LaPorta",DET,"TE3","24","44","61","54.9","5.4","-"
"52",6,"Dak Prescott",DAL,"QB19","32","33","89","55.3","12.1","-"
"53",6,"James Cook",BUF,"RB11","25","37","74","55.4","9.9","-"
"54",6,"Chase Brown",CIN,"RB12","25","23","76","58.0","12.4","-"
"55",6,"DK Metcalf",PIT,"WR21","27","44","70","58.5","7.2","-"
"56",6,"Rome Odunze",CHI,"WR22","23","46","91","58.6","13.3","-"
"57",7,"Michael Penix Jr.",ATL,"QB20","25","27","95","58.9","15.2","-"
"58",7,"Josh Jacobs",GB,"RB13","27","39","78","60.8","12.6","-"
"59",7,"DJ Moore",CHI,"WR23","28","43","84","61.1","11.7","-"
"60",7,"Jordan Addison",MIN,"WR24","23","49","82","61.3","9.2","-"
"61",7,"Terry McLaurin",WAS,"WR25","29","50","81","62.5","9.2","-"
"62",7,"TreVeyon Henderson",NE,"RB14","22","48","75","63.1","8.6","-"
"63",7,"Jaylen Waddle",MIA,"WR26","26","48","85","63.6","9.7","-"
"64",7,"Kenneth Walker III",SEA,"RB15","24","43","92","63.9","11.9","-"
"65",7,"Cameron Ward",TEN,"QB21","23","44","90","64.5","11.0","-"
"66",7,"Xavier Worthy",KC,"WR27","22","47","96","65.5","11.6","-"
"67",7,"Chris Olave",NO,"WR28","25","43","93","67.5","13.8","-"
"68",7,"Christian McCaffrey",SF,"RB16","29","38","86","69.0","10.3","-"
"69",7,"Jameson Williams",DET,"WR29","24","54","88","70.3","9.9","-"
"70",7,"George Kittle",SF,"TE4","31","53","109","70.6","13.8","-"
"71",7,"Emeka Egbuka",TB,"WR30","22","54","87","71.0","11.3","-"
"72",7,"T.J. Hockenson",MIN,"TE5","28","58","110","71.2","12.9","-"
"73",7,"Justin Fields",NYJ,"QB22","26","62","89","74.0","8.2","-"
"74",7,"Tyler Warren",IND,"TE6","23","61","88","75.0","9.2","-"
"75",7,"Derrick Henry",BAL,"RB17","31","43","100","75.0","12.8","-"
"76",7,"Bryce Young",CAR,"QB23","24","56","116","75.5","15.9","-"
"77",7,"Colston Loveland",CHI,"TE7","21","63","94","77.7","8.3","-"
"78",8,"Kaleb Johnson",PIT,"RB18","21","55","106","78.5","14.5","-"
"79",8,"George Pickens",DAL,"WR31","24","58","108","78.8","11.5","-"
"80",8,"Tua Tagovailoa",MIA,"QB24","27","54","101","82.2","12.7","-"
"81",8,"RJ Harvey",DEN,"RB19","24","49","113","82.3","14.7","-"
"82",8,"Quinshon Judkins",CLE,"RB20","21","67","118","82.4","12.3","-"
"83",8,"Jerry Jeudy",CLE,"WR32","26","67","101","82.9","9.2","-"
"84",8,"Tyreek Hill",MIA,"WR33","31","67","105","84.3","9.1","-"
"85",8,"Brandon Aiyuk",SF,"WR34","27","64","113","87.9","12.2","-"
"86",8,"Davante Adams",LAR,"WR35","32","52","116","88.0","15.4","-"
"87",8,"Chuba Hubbard",CAR,"RB21","26","64","101","88.0","8.6","-"
"88",8,"Mike Evans",TB,"WR36","31","58","107","88.8","10.6","-"
"89",8,"Sam Darnold",SEA,"QB25","28","75","103","90.0","6.3","-"
"90",8,"David Njoku",CLE,"TE8","29","73","117","91.9","14.2","-"
"91",8,"Tucker Kraft",GB,"TE9","24","69","132","92.0","18.1","-"
"92",8,"David Montgomery",DET,"RB22","28","76","116","94.0","10.5","-"
"93",8,"Mark Andrews",BAL,"TE10","29","65","131","94.3","20.9","-"
"94",8,"Matthew Golden",GB,"WR37","22","66","119","97.5","16.3","-"
"95",8,"Luther Burden III",CHI,"WR38","21","78","118","97.5","10.9","-"
"96",8,"Joe Mixon",HOU,"RB23","29","77","112","98.0","9.6","-"
"97",8,"Dalton Kincaid",BUF,"TE11","25","79","128","98.3","13.8","-"
"98",8,"Ricky Pearsall",SF,"WR39","24","65","125","101.2","13.3","-"
"99",8,"Chris Godwin",TB,"WR40","29","77","119","101.5","10.8","-"
"100",8,"Alvin Kamara",NO,"RB24","30","80","142","101.5","12.5","-"
"101",9,"Khalil Shakir",BUF,"WR41","25","82","128","104.0","11.3","-"
"102",9,"Josh Downs",IND,"WR42","23","85","130","104.3","12.6","-"
"103",9,"Courtland Sutton",DEN,"WR43","29","74","127","105.2","15.0","-"
"104",9,"Tre' Harris",LAC,"WR44","23","84","134","108.3","12.8","-"
"105",9,"Jayden Reed",GB,"WR45","25","85","144","108.5","15.0","-"
"106",9,"Jayden Higgins",HOU,"WR46","22","75","142","109.4","16.6","-"
"107",9,"Tony Pollard",TEN,"RB25","28","78","128","109.5","11.6","-"
"108",9,"Michael Pittman Jr.",IND,"WR47","27","94","122","110.5","7.7","-"
"109",9,"Isiah Pacheco",KC,"RB26","26","80","155","111.0","14.7","-"
"110",9,"Brian Robinson Jr.",WAS,"RB27","26","102","121","113.0","6.2","-"
"111",9,"D'Andre Swift",CHI,"RB28","26","94","134","114.0","10.0","-"
"112",9,"Evan Engram",DEN,"TE12","30","89","146","115.0","17.3","-"
"113",9,"James Conner",ARI,"RB29","30","90","136","116.5","12.7","-"
"114",9,"Calvin Ridley",TEN,"WR48","30","109","130","118.6","6.5","-"
"115",9,"Tyrone Tracy Jr.",NYG,"RB30","25","89","148","118.8","19.1","-"
"116",9,"Anthony Richardson Sr.",IND,"QB26","23","87","177","107.1","21.8","-"
"117",9,"Jauan Jennings",SF,"WR49","28","96","140","120.8","12.0","-"
"118",9,"Jakobi Meyers",LV,"WR50","28","114","138","123.1","6.2","-"
"119",9,"Deebo Samuel Sr.",WAS,"WR51","29","98","158","123.3","14.7","-"
"120",9,"Geno Smith",LV,"QB27","34","73","121","98.6","11.7","-"
"121",9,"Jaxson Dart",NYG,"QB28","22","72","142","100.1","18.4","-"
"122",9,"Cam Skattebo",NYG,"RB31","23","91","168","125.3","21.0","-"
"123",9,"Kyle Pitts Sr.",ATL,"TE13","24","91","146","125.3","15.3","-"
"124",9,"Travis Kelce",KC,"TE14","35","97","167","126.4","17.5","-"
"125",9,"Aaron Jones Sr.",MIN,"RB32","30","98","163","127.3","18.4","-"
"126",9,"Keon Coleman",BUF,"WR52","22","98","181","128.8","20.1","-"
"127",9,"Travis Etienne Jr.",JAC,"RB33","26","109","149","131.6","13.0","-"
"128",10,"Darnell Mooney",ATL,"WR53","27","112","162","133.2","11.1","-"
"129",10,"Jalen McMillan",TB,"WR54","23","109","158","134.0","13.3","-"
"130",10,"Matthew Stafford",LAR,"QB29","37","68","178","111.3","24.2","-"
"131",10,"Stefon Diggs",NE,"WR55","31","122","157","135.8","9.3","-"
"132",10,"Najee Harris",LAC,"RB34","27","102","167","136.3","17.4","-"
"133",10,"Jack Bech",LV,"WR56","22","116","166","137.9","13.5","-"
"134",10,"Zach Charbonnet",SEA,"RB35","24","111","164","139.1","16.7","-"
"135",10,"Dallas Goedert",PHI,"TE15","30","94","173","139.6","22.0","-"
"136",10,"Cooper Kupp",SEA,"WR57","32","113","169","140.8","15.3","-"
"137",10,"Rashid Shaheed",NO,"WR58","26","128","168","141.7","10.7","-"
"138",10,"Kyle Williams",NE,"WR59","22","111","182","143.5","16.0","-"
"139",10,"Isaiah Likely",BAL,"TE16","25","120","188","144.6","22.3","-"
"140",10,"Jonnu Smith",PIT,"TE17","29","99","179","146.3","21.2","-"
"141",10,"Mason Taylor",NYJ,"TE18","21","123","177","146.4","13.9","-"
"142",10,"Jake Ferguson",DAL,"TE19","26","124","193","146.8","20.9","-"
"143",10,"Trey Benson",ARI,"RB36","23","108","188","146.9","18.9","-"
"144",10,"Jaylen Warren",PIT,"RB37","26","109","175","148.3","17.8","-"
"145",10,"Rhamondre Stevenson",NE,"RB38","27","112","195","151.6","21.4","-"
"146",10,"Christian Kirk",HOU,"WR60","28","126","181","151.8","14.1","-"
"147",10,"Rashod Bateman",BAL,"WR61","25","136","201","151.9","15.6","-"
"148",10,"Cedric Tillman",CLE,"WR62","25","121","199","153.7","18.6","-"
"149",10,"Pat Freiermuth",PIT,"TE20","26","102","195","155.6","24.0","-"
"150",10,"Rachaad White",TB,"RB39","26","124","190","156.0","14.6","-"
"151",10,"Romeo Doubs",GB,"WR63","25","138","190","159.7","12.6","-"
"152",10,"Jaylin Noel",HOU,"WR64","22","122","296","160.1","39.8","-"
"153",10,"Bhayshul Tuten",JAC,"RB40","23","82","180","139.1","25.7","-"
"154",10,"Javonte Williams",DAL,"RB41","25","132","179","160.7","12.3","-"
"155",10,"Tyjae Spears",TEN,"RB42","24","127","228","161.3","21.7","-"
"156",10,"Tank Bigsby",JAC,"RB43","22","122","211","164.1","18.9","-"
"157",10,"Marquise Brown",KC,"WR65","28","140","197","164.7","16.5","-"
"158",10,"Marvin Mims Jr.",DEN,"WR66","23","131","217","154.8","20.0","-"
"159",10,"Jordan Mason",MIN,"RB44","26","131","222","164.8","18.5","-"
"160",10,"Xavier Legette",CAR,"WR67","24","137","215","166.2","16.1","-"
"161",11,"Isaac Guerendo",SF,"RB45","25","144","195","172.8","14.8","-"
"162",11,"Cade Otton",TB,"TE21","26","143","213","174.7","22.3","-"
"163",11,"Hunter Henry",NE,"TE22","30","148","231","176.7","22.2","-"
"164",11,"Wan'Dale Robinson",NYG,"WR68","24","136","206","177.1","18.0","-"
"165",11,"Jaylen Wright",MIA,"RB46","22","150","200","177.1","15.4","-"
"166",11,"Tank Dell",HOU,"WR69","25","151","233","177.3","21.2","-"
"167",11,"Quentin Johnston",LAC,"WR70","23","140","218","177.9","22.1","-"
"168",11,"Ray Davis",BUF,"RB47","25","144","197","178.1","12.7","-"
"169",11,"Jaydon Blue",DAL,"RB48","21","135","245","179.9","24.0","-"
"170",11,"Tyler Shough",NO,"QB30","25","111","153","137.5","10.7","-"
"171",11,"Harold Fannin Jr.",CLE,"TE23","21","132","243","180.5","26.5","-"
"172",11,"Terrance Ferguson",LAR,"TE24","22","128","259","171.7","31.8","-"
"173",11,"Braelon Allen",NYJ,"RB49","21","137","229","181.9","22.7","-"
"174",11,"Elijah Arroyo",SEA,"TE25","22","131","240","163.8","25.0","-"
"175",11,"Adonai Mitchell",IND,"WR71","22","158","283","183.1","26.2","-"
"176",11,"Jalen Royals",KC,"WR72","22","141","252","185.3","28.4","-"
"177",11,"Jalen Coker",CAR,"WR73","23","168","240","186.1","20.6","-"
"178",11,"Elic Ayomanor",TEN,"WR74","22","137","290","187.3","41.2","-"
"179",11,"Dylan Sampson",CLE,"RB50","20","134","249","180.8","27.3","-"
"180",11,"Blake Corum",LAR,"RB51","24","163","220","191.0","17.3","-"
"181",11,"J.K. Dobbins",DEN,"RB52","26","140","222","182.9","25.6","-"
"182",11,"Joshua Palmer",BUF,"WR75","25","141","221","183.7","21.1","-"
"183",11,"DeMario Douglas",NE,"WR76","24","172","242","192.8","18.2","-"
"184",11,"Rico Dowdle",CAR,"RB53","27","148","248","193.9","25.4","-"
"185",11,"Tyler Allgeier",ATL,"RB54","25","162","261","194.6","26.0","-"
"186",11,"Brenton Strange",JAC,"TE26","24","129","230","178.3","23.7","-"
"187",11,"Cole Kmet",CHI,"TE27","26","128","258","196.4","30.3","-"
"188",11,"Jalen Milroe",SEA,"QB31","22","108","150","132.5","13.9","-"
"189",11,"Ja'Tavion Sanders",CAR,"TE28","22","158","251","198.7","20.8","-"
"190",11,"Christian Watson",GB,"WR77","26","159","284","200.3","28.1","-"
"191",11,"Mike Gesicki",CIN,"TE29","29","176","242","200.8","18.1","-"
"192",11,"Dontayvion Wicks",GB,"WR78","24","175","285","194.5","24.9","-"
"193",11,"DeAndre Hopkins",BAL,"WR79","33","157","275","203.6","25.4","-"
"194",11,"MarShawn Lloyd",GB,"RB55","24","133","261","204.4","29.7","-"
"195",11,"Russell Wilson",NYG,"QB32","36","76","188","141.9","24.8","-"
"196",11,"Jerome Ford",CLE,"RB56","25","141","271","208.3","36.0","-"
"197",11,"Theo Johnson",NYG,"TE30","24","184","243","208.5","14.6","-"
"198",12,"Zach Ertz",WAS,"TE31","34","146","279","210.6","31.4","-"
"199",12,"Alec Pierce",IND,"WR80","25","169","262","212.0","24.0","-"
"200",12,"Roschon Johnson",CHI,"RB57","24","177","246","212.1","15.9","-"
"201",12,"Adam Thielen",CAR,"WR81","34","156","313","212.5","35.3","-"
"202",12,"Chig Okonkwo",TEN,"TE32","25","180","246","205.8","16.0","-"
"203",12,"Jarquez Hunter",LAR,"RB58","22","139","259","200.6","34.5","-"
"204",12,"Diontae Johnson",CLE,"WR82","29","188","264","210.2","21.9","-"
"205",12,"Devin Neal",NO,"RB59","21","166","300","210.6","34.4","-"
"206",12,"Ben Sinnott",WAS,"TE33","23","179","276","210.6","24.0","-"
"207",12,"Michael Wilson",ARI,"WR83","25","169","236","205.9","16.1","-"
"208",12,"Amari Cooper",FA,"WR84","31","147","369","207.9","48.5","-"
"209",12,"Jonathon Brooks",CAR,"RB60","22","151","332","215.1","41.6","-"
"210",12,"Daniel Jones",IND,"QB33","28","138","183","153.9","12.5","-"
"211",12,"DJ Giddens",IND,"RB61","21","171","268","209.3","23.0","-"
"212",12,"Keenan Allen",FA,"WR85","33","167","368","210.3","45.5","-"
"213",12,"Dalton Schultz",HOU,"TE34","29","178","273","217.2","28.1","-"
"214",12,"Roman Wilson",PIT,"WR86","24","183","288","227.3","27.1","-"
"215",12,"Nick Chubb",HOU,"RB62","29","190","260","224.3","17.8","-"
"216",12,"Austin Ekeler",WAS,"RB63","30","160","283","224.8","31.2","-"
"217",12,"Andrei Iosivas",CIN,"WR87","25","198","279","225.6","24.0","-"
"218",12,"Pat Bryant",DEN,"WR88","22","154","299","212.5","35.1","-"
"219",12,"Troy Franklin",DEN,"WR89","22","180","277","219.1","25.0","-"
"220",12,"Shedeur Sanders",CLE,"QB34","23","106","193","150.4","25.4","-"
"221",12,"Audric Estime",DEN,"RB64","21","196","259","228.9","19.6","-"
"222",12,"Devaughn Vele",DEN,"WR90","27","206","278","236.4","18.1","-"
"223",12,"Tory Horton",SEA,"WR91","22","176","298","230.2","33.8","-"
"224",12,"Elijah Moore",BUF,"WR92","25","208","262","232.4","17.7","-"
"225",12,"Juwan Johnson",NO,"TE35","28","187","289","232.8","29.1","-"
"226",12,"Darius Slayton",NYG,"WR93","28","208","258","226.7","13.0","-"
"227",12,"Isaac TeSlaa",DET,"WR94","23","174","394","229.2","53.9","-"
"228",12,"Oronde Gadsden II",LAC,"TE36","22","155","320","219.1","42.0","-"
"229",12,"Kendre Miller",NO,"RB65","23","176","267","229.3","24.8","-"
"230",12,"Malik Washington",MIA,"WR95","24","201","281","229.3","17.8","-"
"231",12,"Noah Fant",CIN,"TE37","27","189","281","229.4","25.1","-"
"232",12,"Aaron Rodgers",PIT,"QB35","41","87","202","143.7","30.4","-"
"233",12,"Jalen Tolbert",DAL,"WR96","26","205","311","237.0","28.0","-"
"234",12,"Savion Williams",GB,"WR97","23","165","390","232.6","50.5","-"
"235",12,"Kyle Monangai",CHI,"RB66","23","180","273","238.1","22.0","-"
"236",12,"Tahj Brooks",CIN,"RB67","23","182","267","231.4","24.1","-"
"237",12,"Brashard Smith",KC,"RB68","22","189","261","225.8","23.2","-"
"238",12,"Trevor Etienne",CAR,"RB69","21","171","314","241.1","35.4","-"
"239",12,"Jaleel McLaughlin",DEN,"RB70","24","202","270","241.7","20.4","-"
"240",12,"Tyler Lockett",TEN,"WR98","32","217","303","236.3","21.1","-"
"241",13,"Ollie Gordon II",MIA,"RB71","21","187","303","238.2","30.2","-"
"242",13,"Will Shipley",PHI,"RB72","22","179","314","245.6","33.2","-"
"243",13,"Jordan James",SF,"RB73","21","186","284","234.6","25.5","-"
"244",13,"Keaton Mitchell",BAL,"RB74","23","179","320","253.6","31.0","-"
"245",13,"Kayshon Boutte",NE,"WR99","23","187","320","242.2","32.3","-"
"246",13,"Calvin Austin III",PIT,"WR100","26","205","293","242.5","21.7","-"
"247",13,"Woody Marks",HOU,"RB75","24","178","289","230.7","36.5","-"
"248",13,"Noah Gray",KC,"TE38","26","171","338","239.5","36.6","-"
"249",13,"Damien Martinez",SEA,"RB76","21","185","277","239.6","23.6","-"
"250",13,"Jordan Whittington",LAR,"WR101","24","210","354","246.3","30.7","-"
"251",13,"Brandin Cooks",NO,"WR102","31","202","323","250.0","28.4","-"
"252",13,"Xavier Restrepo",TEN,"WR103","23","180","361","245.0","37.8","-"
"253",13,"Parker Washington",JAC,"WR104","23","217","300","251.9","23.8","-"
"254",13,"Jermaine Burton",CIN,"WR105","24","202","322","252.2","31.2","-"
"255",13,"Luke McCaffrey",WAS,"WR106","24","203","380","250.0","38.8","-"
"256",13,"Ja'Lynn Polk",NE,"WR107","23","209","363","249.4","35.6","-"
"257",13,"Devin Singletary",NYG,"RB77","27","220","290","255.6","19.0","-"
"258",13,"Miles Sanders",DAL,"RB78","28","198","294","253.2","22.4","-"
"259",13,"Dyami Brown",JAC,"WR108","25","180","315","240.1","36.6","-"
"260",13,"Kareem Hunt",KC,"RB79","30","195","306","266.1","23.1","-"
"261",13,"Dont'e Thornton Jr.",LV,"WR109","22","163","353","234.7","51.9","-"
"262",13,"Tez Johnson",TB,"WR110","23","202","413","255.3","47.8","-"
"263",13,"Isaiah Davis",NYJ,"RB80","23","219","290","263.6","16.8","-"
"264",13,"Tai Felton",MIN,"WR111","22","175","302","228.2","31.4","-"
"265",13,"Justice Hill",BAL,"RB81","27","238","296","264.9","16.7","-"
"266",13,"Tyler Higbee",LAR,"TE39","32","191","304","254.5","32.0","-"
"267",13,"Antonio Gibson",NE,"RB82","27","231","299","262.9","21.1","-"
"268",13,"Michael Mayer",LV,"TE40","24","209","279","242.9","21.1","-"
"269",13,"Zack Moss",FA,"RB83","27","244","301","260.9","15.5","-"
"270",13,"Khalil Herbert",IND,"RB84","27","240","295","267.5","17.4","-"
"271",13,"Nick Westbrook-Ikhine",MIA,"WR112","28","198","291","255.8","26.9","-"
"272",13,"Tyler Conklin",LAC,"TE41","30","217","298","256.1","22.5","-"
"273",13,"Gunnar Helm",TEN,"TE42","22","209","322","251.2","30.3","-"
"274",13,"Elijah Mitchell",KC,"RB85","27","223","319","271.9","27.8","-"
"275",13,"Kimani Vidal",LAC,"RB86","23","213","334","273.8","35.5","-"
"276",13,"Tutu Atwell",LAR,"WR113","25","195","308","257.5","29.8","-"
"277",13,"Raheem Mostert",LV,"RB87","33","234","305","273.4","17.7","-"
"278",13,"Sean Tucker",TB,"RB88","23","212","309","271.6","26.7","-"
"279",13,"Tre Tucker",LV,"WR114","24","223","294","258.4","18.3","-"
"280",13,"Jacory Croskey-Merritt",WAS,"RB89","24","186","306","239.8","38.5","-"
"281",13,"Luke Musgrave",GB,"TE43","24","235","285","262.5","16.2","-"
"282",13,"Taysom Hill",NO,"TE44","34","205","286","246.9","24.3","-"
"283",13,"Sincere McCormick",LV,"RB90","24","251","329","283.1","22.8","-"
"284",14,"Gabe Davis",FA,"WR115","26","211","370","263.1","42.7","-"
"285",14,"Kenneth Gainwell",PIT,"RB91","26","255","310","281.6","17.4","-"
"286",14,"Javon Baker",NE,"WR116","23","237","392","274.4","39.5","-"
"287",14,"Will Dissly",LAC,"TE45","29","204","294","255.1","29.1","-"
"288",14,"Jaylin Lane",WAS,"WR117","23","205","414","270.6","55.2","-"
"289",14,"Demarcus Robinson",SF,"WR118","30","240","303","273.3","18.4","-"
"290",14,"Dameon Pierce",HOU,"RB92","25","253","340","287.0","26.9","-"
"291",14,"Alexander Mattison",MIA,"RB93","27","260","335","288.1","23.3","-"
"292",14,"Chimere Dike",TEN,"WR119","23","210","360","273.4","38.0","-"
"293",14,"Cade Stover",HOU,"TE46","25","249","275","265.4","8.3","-"
"294",14,"Malachi Corley",NYJ,"WR120","23","246","381","279.4","39.8","-"
"295",14,"Ty Johnson",BUF,"RB94","27","243","323","289.1","24.5","-"
"296",14,"KeAndre Lambert-Smith",LAC,"WR121","23","225","415","290.4","46.9","-"
"297",14,"AJ Barner",SEA,"TE47","23","257","301","272.3","14.2","-"
"298",14,"Jahan Dotson",PHI,"WR122","25","243","329","281.1","26.6","-"
"299",14,"Isaiah Bond",FA,"WR123","-","158","302","234.0","60.0","-"
"300",14,"Curtis Samuel",BUF,"WR124","29","237","308","275.9","27.0","-"
"301",14,"Kirk Cousins",ATL,"QB36","36","145","290","218.4","54.5","-"
"302",14,"Jalen Nailor",MIN,"WR125","26","230","330","278.4","29.8","-"
"303",14,"Jalin Hyatt",NYG,"WR126","23","254","382","288.9","34.9","-"
"304",14,"Dawson Knox",BUF,"TE48","28","241","290","268.7","15.6","-"
"305",14,"John Metchie III",HOU,"WR127","25","239","355","283.1","40.7","-"
"306",14,"Zamir White",LV,"RB95","25","260","338","290.6","24.8","-"
"307",14,"Dillon Gabriel",CLE,"QB37","24","156","255","215.0","41.8","-"
"308",14,"A.J. Dillon",PHI,"RB96","27","248","315","285.5","19.4","-"
"309",14,"Noah Brown",WAS,"WR128","29","244","313","276.1","20.9","-"
"310",14,"Devontez Walker",BAL,"WR129","24","249","383","296.8","39.9","-"
"311",14,"Cam Akers",NO,"RB97","26","261","371","289.0","33.3","-"
"312",14,"Joe Flacco",CLE,"QB38","40","149","211","184.0","25.9","-"
"313",14,"Ricky White III",SEA,"WR130","23","243","349","291.6","31.7","-"
"314",14,"Erick All Jr.",CIN,"TE49","24","264","307","283.7","14.9","-"
"315",14,"LeQuint Allen Jr.",JAC,"RB98","21","256","328","285.1","25.4","-"
"316",14,"Darnell Washington",PIT,"TE50","23","268","304","287.1","12.3","-"
"317",14,"Jacob Cowing",SF,"WR131","24","262","384","305.7","33.8","-"
"318",14,"Ray-Ray McCloud III",ATL,"WR132","28","244","347","288.0","33.3","-"
"319",14,"Darren Waller",MIA,"TE51","32","214","327","266.8","41.9","-"
"320",14,"Josh Reynolds",NYJ,"WR133","30","173","321","256.3","53.6","-"
"321",14,"Arian Smith",NYJ,"WR134","23","245","320","288.2","26.3","-"
"322",14,"Marquez Valdes-Scantling",SEA,"WR135","30","278","330","297.4","18.2","-"
"323",14,"Tim Patrick",DET,"WR136","31","196","348","277.4","51.3","-"
"324",14,"Thomas Fidone II",NYG,"TE52","22","252","321","277.8","25.0","-"
"325",14,"Ty Chandler",MIN,"RB99","27","268","326","290.5","19.1","-"
"326",14,"Greg Dortch",ARI,"WR137","27","270","345","299.9","23.2","-"
"327",14,"Austin Hooper",NE,"TE53","30","257","293","279.4","12.1","-"
"328",14,"Will Howard",PIT,"QB39","23","153","198","175.5","22.5","-"
"329",14,"Spencer Rattler",NO,"QB40","24","194","280","234.3","35.3","-"
"330",14,"Mitchell Evans",CAR,"TE54","22","249","325","294.0","23.9","-"
"331",14,"Kalel Mullings",TEN,"RB100","22","245","294","265.5","18.2","-"
"332",14,"Kendrick Bourne",NE,"WR138","30","266","343","294.8","27.6","-"
"333",14,"Luke Schoonmaker",DAL,"TE55","26","276","319","295.0","16.2","-"
"334",14,"KaVontae Turpin",DAL,"WR139","29","258","379","301.2","38.5","-"
"335",14,"Phil Mafah",DAL,"RB101","22","242","336","286.2","33.4","-"
"336",15,"Jameis Winston",NYG,"QB41","31","196","292","245.3","39.2","-"
"337",15,"Kenny Pickett",CLE,"QB42","27","204","292","246.7","36.0","-"
"338",15,"Jordan Watkins",SF,"WR140","23","262","339","299.5","26.6","-"
"339",15,"Allen Lazard",NYJ,"WR141","29","210","351","273.8","60.7","-"
"340",15,"Mack Hollins",NE,"WR142","31","261","386","299.6","44.1","-"
"341",15,"Colby Parkinson",LAR,"TE56","26","243","367","298.6","43.0","-"
"342",15,"Daniel Bellinger",NYG,"TE57","24","280","323","296.4","16.0","-"
"343",15,"Chris Rodriguez Jr.",WAS,"RB102","25","240","295","263.3","23.2","-"
"344",15,"Efton Chism III",NE,"WR143","-","232","319","299.2","33.8","-"
"345",15,"Will Levis",TEN,"QB43","26","205","237","221.0","16.0","-"
"346",15,"Foster Moreau",NO,"TE58","28","262","340","300.4","30.4","-"
"347",15,"Emanuel Wilson",GB,"RB103","26","291","310","301.0","8.0","-"
"348",15,"Grant Calcaterra",PHI,"TE59","26","265","324","288.8","22.8","-"
"349",15,"Nick Nash",ATL,"WR144","25","242","302","270.0","24.7","-"
"350",15,"Chris Brooks",GB,"RB104","25","259","327","303.0","24.7","-"
"351",15,"Raheim Sanders",LAC,"RB105","23","252","335","311.7","27.9","-"
"352",15,"Gavin Bartholomew",MIN,"TE60","22","278","304","292.5","9.6","-"
"353",15,"Jonathan Mingo",DAL,"WR145","24","289","341","307.8","18.5","-"
"354",15,"Treylon Burks",TEN,"WR146","25","283","359","316.8","28.3","-"
"355",15,"Marcus Yarns",NO,"RB106","23","278","395","317.6","40.5","-"
"356",15,"Luke Lachey",HOU,"TE61","24","257","312","282.0","22.7","-"
"357",15,"Malik Willis",GB,"QB44","26","203","299","251.0","48.0","-"
"358",15,"Jeremy Ruckert",NYJ,"TE62","25","262","313","285.0","21.1","-"
"359",15,"Gus Edwards",FA,"RB107","30","274","337","302.8","25.5","-"
"360",15,"Jake Bobo",SEA,"WR147","27","269","352","303.5","30.2","-"
"361",15,"Samaje Perine",CIN,"RB108","29","294","322","303.8","10.9","-"
"362",15,"Jelani Woods",IND,"TE63","26","277","307","289.3","12.8","-"
"363",15,"Elijah Higgins",ARI,"TE64","24","274","303","291.0","12.4","-"
"364",15,"Donovan Edwards",NYJ,"RB109","22","245","396","306.7","64.7","-"
"365",15,"Michael Woods II",CLE,"WR148","25","178","178","178.0","0.0","-"
"366",15,"Trey Palmer",TB,"WR149","24","272","378","323.2","36.4","-"
"367",15,"Tommy Tremble",CAR,"TE65","25","276","316","297.0","16.4","-"
"368",15,"Konata Mumpfield",LAR,"WR150","22","261","318","297.7","26.0","-"
"369",15,"Hunter Renfrow",CAR,"WR151","29","193","193","193.0","0.0","-"
"370",15,"Hunter Long",JAC,"TE66","26","262","287","274.5","12.5","-"
"371",15,"Rondale Moore",MIN,"WR152","25","286","339","309.7","22.0","-"
"372",15,"Zay Jones",ARI,"WR153","30","269","309","289.0","20.0","-"
"373",15,"Carson Steele",KC,"RB110","22","227","405","316.0","89.0","-"
"374",15,"Trey Sermon",PIT,"RB111","26","273","375","318.7","42.3","-"
"375",15,"Mac Jones",SF,"QB45","26","279","305","292.0","13.0","-"
"376",15,"Theo Wease Jr.",MIA,"WR154","24","233","233","233.0","0.0","-"
"377",15,"Antwane Wells Jr.",NYG,"WR155","24","235","235","235.0","0.0","-"
"378",15,"Marcus Mariota",WAS,"QB46","31","287","300","293.5","6.5","-"
"379",15,"Deion Burks",FA,"WR156","-","238","238","238.0","0.0","-"
"380",15,"Rasheen Ali",BAL,"RB112","24","297","334","315.0","15.1","-"
"381",15,"Bub Means",NO,"WR157","24","297","299","298.0","1.0","-"
"382",15,"Brevin Jordan",HOU,"TE67","25","297","301","299.0","2.0","-"
"383",15,"Michael Carter",ARI,"RB113","26","289","389","329.7","42.9","-"
"384",15,"Mason Rudolph",PIT,"QB47","30","249","249","249.0","0.0","-"
"385",15,"Stone Smartt",NYJ,"TE68","26","289","313","301.0","12.0","-"
"386",15,"Harrison Bryant",PHI,"TE69","27","288","319","303.5","15.5","-"
"387",15,"Quinn Ewers",MIA,"QB48","22","261","261","261.0","0.0","-"
"388",15,"Jalin Conyers",MIA,"TE70","24","264","264","264.0","0.0","-"
"389",15,"Ja'Quinden Jackson",JAC,"RB114","23","264","264","264.0","0.0","-"
"390",15,"Jared Wiley",KC,"TE71","24","305","311","308.0","3.0","-"
"391",15,"Michael Gallup",WAS,"WR158","29","265","265","265.0","0.0","-"
"392",15,"Tylan Wallace",BAL,"WR159","26","266","266","266.0","0.0","-"
"393",15,"Ja'Corey Brooks",WAS,"WR160","23","270","270","270.0","0.0","-"
"394",16,"Kalif Raymond",DET,"WR161","31","294","331","312.5","18.5","-"
"395",16,"Dylan Laube",LV,"RB115","25","293","333","313.0","20.0","-"
"396",16,"Jake Browning",CIN,"QB49","29","286","344","315.0","29.0","-"
"397",16,"Emari Demercado",ARI,"RB116","26","305","325","315.0","10.0","-"
"398",16,"K.J. Osborn",WAS,"WR162","28","280","280","280.0","0.0","-"
"399",16,"Greg Dulcich",NYG,"TE72","25","315","317","316.0","1.0","-"
"400",16,"Jacoby Brissett",ARI,"QB50","32","285","348","316.5","31.5","-"
"401",16,"Van Jefferson",TEN,"WR163","29","282","282","282.0","0.0","-"
"402",16,"Jamaal Pritchett",NYJ,"WR164","-","283","283","283.0","0.0","-"
"403",16,"Payne Durham",TB,"TE73","25","284","284","284.0","0.0","-"
"404",16,"Israel Abanikanda",GB,"RB117","22","284","401","342.5","58.5","-"
"405",16,"D'Onta Foreman",FA,"RB118","29","286","286","286.0","0.0","-"
"406",16,"Pierre Strong Jr.",CLE,"RB119","26","298","341","319.5","21.5","-"
"407",16,"Luke Farrell",SF,"TE74","27","289","289","289.0","0.0","-"
"408",16,"Tyrod Taylor",NYJ,"QB51","36","289","289","289.0","0.0","-"
"409",16,"Sam Howell",MIN,"QB52","24","291","291","291.0","0.0","-"
"410",16,"Clyde Edwards-Helaire",NO,"RB120","26","291","376","333.5","42.5","-"
"411",16,"Josh Oliver",MIN,"TE75","28","295","364","329.5","34.5","-"
"412",16,"Trey Lance",LAC,"QB53","25","298","298","298.0","0.0","-"
"413",16,"Jamaal Williams",FA,"RB121","30","300","300","300.0","0.0","-"
"414",16,"Ezekiel Elliott",FA,"RB122","30","301","301","301.0","0.0","-"
"415",16,"Mitchell Trubisky",BUF,"QB54","30","301","301","301.0","0.0","-"
"416",16,"Joe Milton III",DAL,"QB55","25","302","302","302.0","0.0","-"
"417",16,"Ameer Abdullah",SF,"RB123","32","303","303","303.0","0.0","-"
"418",16,"Joshua Dobbs",NE,"QB56","30","303","303","303.0","0.0","-"
"419",16,"Jeff Wilson Jr.",FA,"RB124","29","304","304","304.0","0.0","-"
"420",16,"Zach Wilson",MIA,"QB57","26","304","304","304.0","0.0","-"
"421",16,"Kylen Granson",PHI,"TE76","27","305","366","335.5","30.5","-"
"422",16,"Quez Watkins",ARI,"WR165","27","306","306","306.0","0.0","-"
"423",16,"Jake Briningstool",KC,"TE77","22","306","306","306.0","0.0","-"
"424",16,"Donald Parham Jr.",PIT,"TE78","27","307","307","307.0","0.0","-"
"425",16,"David Bell",CLE,"WR166","24","308","308","308.0","0.0","-"
"426",16,"Jaheim Bell",NE,"TE79","24","309","309","309.0","0.0","-"
"427",16,"Olamide Zaccheaus",CHI,"WR167","28","310","310","310.0","0.0","-"
"428",16,"LaJohntay Wester",BAL,"WR168","23","311","311","311.0","0.0","-"
"429",16,"Derius Davis",LAC,"WR169","24","312","312","312.0","0.0","-"
"430",16,"Jimmy Horn Jr.",CAR,"WR170","22","312","312","312.0","0.0","-"
"431",16,"Kaden Prather",BUF,"WR171","22","313","313","313.0","0.0","-"
"432",16,"Beaux Collins",NYG,"WR172","22","314","314","314.0","0.0","-"
"433",16,"Dominic Lovett",DET,"WR173","22","324","342","333.0","9.0","-"
"434",16,"Brock Wright",DET,"TE80","26","315","315","315.0","0.0","-"
"435",16,"Johnny Wilson",PHI,"WR174","24","316","385","350.5","34.5","-"
"436",16,"Tanner Hudson",CIN,"TE81","30","318","318","318.0","0.0","-"
"437",16,"Craig Reynolds",DET,"RB125","29","328","328","328.0","0.0","-"
"438",16,"Cody Schrader",LAR,"RB126","25","337","337","337.0","0.0","-"
"439",16,"Jimmy Garoppolo",LAR,"QB58","33","342","342","342.0","0.0","-"
"440",16,"Andy Dalton",CAR,"QB59","37","343","343","343.0","0.0","-"
"441",16,"Moliki Matavao",NO,"TE82","22","344","344","344.0","0.0","-"
"442",16,"Davis Mills",HOU,"QB60","26","345","345","345.0","0.0","-"
"443",16,"Aidan O'Connell",LV,"QB61","26","346","346","346.0","0.0","-"
"444",16,"Gardner Minshew II",KC,"QB62","29","347","347","347.0","0.0","-"
"445",16,"Drew Lock",SEA,"QB63","28","349","349","349.0","0.0","-"
"446",16,"Jarrett Stidham",DEN,"QB64","29","350","350","350.0","0.0","-"
"447",16,"Jalen Reagor",LAC,"WR175","26","351","351","351.0","0.0","-"
"448",16,"Zach Pascal",NYG,"WR176","30","356","356","356.0","0.0","-"
"449",16,"DJ Chark Jr.",ATL,"WR177","28","357","357","357.0","0.0","-"
"450",16,"Austin Trammell",JAC,"WR178","27","358","358","358.0","0.0","-"
"451",16,"Bo Melton",GB,"WR179","26","362","362","362.0","0.0","-"
"452",16,"Josh Whyle",TEN,"TE83","25","365","365","365.0","0.0","-"
"453",16,"Jeremy McNichols",WAS,"RB127","29","372","372","372.0","0.0","-"
"454",16,"DeeJay Dallas",ARI,"RB128","26","373","373","373.0","0.0","-"
"455",16,"Julius Chestnut",TEN,"RB129","24","374","374","374.0","0.0","-"
"456",16,"Evan Hull",PIT,"RB130","24","377","377","377.0","0.0","-"
"457",16,"Hassan Haskins",LAC,"RB131","25","387","387","387.0","0.0","-"
"458",16,"Dare Ogunbowale",HOU,"RB132","31","388","388","388.0","0.0","-"
"459",16,"Xavier Hutchinson",HOU,"WR180","25","391","391","391.0","0.0","-"
"460",16,"Brenden Rice",LAC,"WR181","23","393","393","393.0","0.0","-"
"461",16,"Eric Gray",NYG,"RB133","25","397","397","397.0","0.0","-"
"462",16,"Deuce Vaughn",DAL,"RB134","23","398","398","398.0","0.0","-"
"463",16,"Tyler Badie",DEN,"RB135","25","399","399","399.0","0.0","-"
"464",16,"Keaontay Ingram",KC,"RB136","25","400","400","400.0","0.0","-"
"465",16,"Frank Gore Jr.",BUF,"RB137","23","402","402","402.0","0.0","-"
"466",16,"Blake Watson",DEN,"RB138","25","403","403","403.0","0.0","-"
"467",16,"Jawhar Jordan",HOU,"RB139","25","404","404","404.0","0.0","-"
"468",16,"Montrell Johnson Jr.",PHI,"RB140","22","406","406","406.0","0.0","-"
"469",16,"Sione Vaki",DET,"RB141","24","407","407","407.0","0.0","-"
"470",16,"Ronnie Rivers",LAR,"RB142","26","408","408","408.0","0.0","-"
"471",16,"Patrick Taylor Jr.",SF,"RB143","27","409","409","409.0","0.0","-"
"472",16,"Zonovan Knight",NYJ,"RB144","24","410","410","410.0","0.0","-"
"473",16,"Keilan Robinson",PHI,"RB145","25","411","411","411.0","0.0","-"
"474",16,"Tyler Goodson",IND,"RB146","24","412","412","412.0","0.0","-"
"475",16,"Jaret Patterson",LAC,"RB147","25","416","416","416.0","0.0","-"
"476",16,"Kyle Juszczyk",SF,"RB148","34","417","417","417.0","0.0","-"
"477",16,"Adam Trautman",DEN,"TE84","28","418","418","418.0","0.0","-"
"478",16,"Lucas Krull",DEN,"TE85","27","419","419","419.0","0.0","-"
"479",16,"Ian Thomas",LV,"TE86","29","420","420","420.0","0.0","-"