Rank,Player Name,Pos,QB Att / Game,QB YPC,YDS,YPC,RUSH,REC,TD,YPR,REC / TAR GAME
1,Josh Allen,QB,28.4,12.2,4269,5.2,102,N/A,40,0.0,N/A
2,Lamar Jackson,QB,27.9,13.2,5087,6.6,139,N/A,45,0.0,N/A
3,Jalen Hurts,QB,24.1,11.7,3533,4.2,150,N/A,32,0.0,N/A
4,Jayden Daniels,QB,28.2,10.8,4459,6.0,148,N/A,31,0.0,N/A
5,Ja'Marr Chase,WR,0.0,0.0,1740,10.7,3,127,17,13.4,7.5/10.3
6,Bijan Robinson,RB,0.0,0.0,1887,4.8,304,61,15,7.1,3.6/4.2
7,Joe Burrow,QB,38.4,10.7,5119,4.8,42,N/A,45,0.0,N/A
8,Justin Jefferson,WR,0.1,22.0,1558,3.0,1,103,10,14.9,6.1/9.1
9,Jahmyr Gibbs,RB,0.0,0.0,1929,5.6,250,52,20,9.9,3.1/3.7
10,Patrick Mahomes,QB,36.3,10.0,4237,5.3,58,1,28,2.0,0.1/0.1
11,CeeDee Lamb,WR,0.0,0.0,1264,5.0,14,101,6,11.8,6.7/10.1
12,Puka Nacua,WR,0.0,0.0,1036,4.2,11,79,4,12.5,7.2/9.6
13,Saquon Barkley,RB,0.0,0.0,2283,5.8,345,33,15,8.4,2.1/2.7
14,Bo Nix,QB,33.4,10.0,4207,4.7,92,1,3Sr3,2.0,0.1/0.1
15,Malik Nabers,WR,0.1,0.0,1206,0.4,5,109,7,11.0,7.3/11.3
16,Brian Thomas Jr.,WR,0.0,0.0,1330,8.0,6,87,10,14.7,5.1/7.8
17,Amon-Ra St. Brown,WR,0.1,7.0,1276,3.0,2,115,12,11.0,6.8/8.3
18,De'Von Achane,RB,0.0,0.0,1499,4.5,203,78,12,7.6,4.6/5.1
19,Justin Fields,QB,16.1,10.4,1395,4.7,62,N/A,10,0.0,N/A
20,Dak Prescott,QB,35.8,10.7,2032,4.2,13,N/A,12,0.0,N/A
21,Baker Mayfield,QB,33.5,11.1,4878,6.3,60,N/A,44,0.0,N/A
22,Drake London,WR,0.0,0.0,1268,-3.0,1,100,9,12.7,5.9/9.3
23,Jordan Love,QB,28.3,12.6,3472,3.3,25,N/A,26,0.0,N/A
24,A.J. Brown,WR,0.0,0.0,1079,0.0,N/A,67,7,16.1,5.2/7.5
25,Nico Collins,WR,0.0,0.0,1006,0.0,N/A,68,7,14.8,5.7/8.3
26,Ashton Jeanty,RB,N/A,N/A,N/A,N/A,N/A,N/A,N/A,N/A,N/A
27,Brock Purdy,QB,30.3,12.9,4187,4.9,66,N/A,25,0.0,N/A
28,Drake Maye,QB,26.0,10.1,2697,7.8,54,N/A,17,0.0,N/A
29,Trey McBride,TE,0.0,0.0,1148,2.0,1,111,4,10.3,6.9/9.2
30,Kyler Murray,QB,31.8,10.4,4423,7.3,78,N/A,26,0.0,N/A
31,Ladd McConkey,WR,0.0,0.0,1149,0.0,N/A,82,7,14.0,5.1/7.0
32,Brock Bowers,TE,0.0,0.0,1207,2.6,5,112,5,10.7,6.6/9.0
33,Caleb Williams,QB,33.1,10.1,4030,6.0,81,N/A,20,0.0,N/A
34,Derrick Henry,RB,0.0,0.0,2114,5.9,325,19,18,10.2,1.1/1.3
35,Bucky Irving,RB,0.0,0.0,1514,5.4,207,47,8,8.3,2.8/3.1
36,Christian McCaffrey,RB,0.0,0.0,348,4.0,50,15,N/A,9.7,3.8/4.8
37,Jonathan Taylor,RB,0.0,0.0,1567,4.7,303,18,12,7.6,1.3/2.2
38,Jared Goff,QB,31.7,11.9,4692,1.6,35,1,37,7.0,0.1/0.1
39,Chase Brown,RB,0.0,0.0,1350,4.3,229,54,11,6.7,3.4/4.1
40,Josh Jacobs,RB,0.0,0.0,1671,4.4,301,36,16,9.5,2.1/2.5
41,Tyreek Hill,WR,0.0,0.0,1012,6.6,8,81,6,11.8,4.8/7.2
42,Jaxon Smith-Njigba,WR,0.1,35.0,1191,5.2,5,100,6,11.3,5.9/8.1
43,Justin Herbert,QB,29.6,11.7,4176,4.4,69,N/A,25,0.0,N/A
44,Terry Mclaurin,WR,0.0,0.0,1098,1.0,2,82,13,13.4,4.8/6.9
45,George Kittle,TE,0.0,0.0,1106,0.0,N/A,78,8,14.2,5.2/6.3
46,Tee Higgins,WR,0.0,0.0,911,0.0,N/A,73,10,12.5,6.1/9.1
47,Kenneth Walker III,RB,0.0,0.0,872,3.7,153,46,8,6.5,4.2/4.8
48,Breece Hall,RB,0.0,0.0,1359,4.2,209,57,8,8.5,3.6/4.8
49,Kyren Williams,RB,0.0,0.0,1481,4.1,316,34,16,5.4,2.1/2.5
50,James Cook,RB,0.0,0.0,1267,4.9,207,32,18,8.1,2.0/2.4
51,Davante Adams,WR,0.0,0.0,1063,0.0,N/A,85,8,12.5,6.1/10.1
52,Trevor Lawrence,QB,28.4,11.9,2159,4.6,26,N/A,14,0.0,N/A
53,DJ Moore,WR,0.1,0.0,1041,5.4,14,98,6,9.9,5.8/8.2
54,Tua Tagovailoa,QB,36.3,9.9,2916,2.9,17,N/A,19,0.0,N/A
55,Garrett Wilson,WR,0.0,0.0,1109,2.5,2,101,7,10.9,5.9/9.1
56,Marvin Harrison Jr.,WR,0.0,0.0,885,0.0,N/A,62,8,14.3,3.6/6.8
57,Alvin Kamara,RB,0.0,0.0,1493,4.2,228,68,8,8.0,4.9/6.4
58,Omarion Hampton,RB,N/A,N/A,N/A,N/A,N/A,N/A,N/A,N/A,N/A
59,C.J. Stroud,QB,31.3,11.1,3960,4.5,52,N/A,20,0.0,N/A
60,DK Metcalf,WR,0.0,0.0,992,0.0,N/A,66,5,15.0,4.4/7.2
61,Mike Evans,WR,0.0,0.0,1004,0.0,N/A,74,11,13.6,5.3/7.9
62,Matthew Stafford,QB,32.3,11.1,3803,1.4,30,N/A,20,0.0,N/A
63,James Conner,RB,0.0,0.0,1508,4.6,236,47,9,8.8,2.9/3.4
64,Michael Penix Jr.,QB,21.0,12.7,786,1.6,7,N/A,4,0.0,N/A
65,J.J. McCarthy,QB,N/A,N/A,N/A,N/A,N/A,N/A,N/A,N/A,N/A
66,Chuba Hubbard,RB,0.0,0.0,1366,4.8,250,43,11,4.0,2.9/3.6
67,T.J. Hockenson,TE,0.0,0.0,455,0.0,N/A,41,N/A,11.1,4.1/6.2
68,TreVeyon Henderson,RB,N/A,N/A,N/A,N/A,N/A,N/A,N/A,N/A,N/A
69,Sam Laporta,TE,0.0,0.0,726,0.0,N/A,60,7,12.1,3.8/5.2
70,D'Andre Swift,RB,0.0,0.0,1345,3.8,253,42,6,9.2,2.5/3.1
71,Devonta Smith,WR,0.0,0.0,834,1.0,1,68,8,12.2,5.2/6.8
72,RJ Harvey,RB,N/A,N/A,N/A,N/A,N/A,N/A,N/A,N/A,N/A
73,Xavier Worthy,WR,0.0,0.0,742,5.2,20,59,9,10.8,3.5/5.8
74,Aaron Jones,RB,0.0,0.0,1546,4.5,255,51,7,8.0,3.0/3.6
75,Bryce Young,QB,27.4,10.3,2652,5.8,43,N/A,21,0.0,N/A
76,Chris Olave,WR,0.0,0.0,407,7.0,1,32,1,12.5,4.0/5.5
77,Kaleb Johnson,RB,N/A,N/A,N/A,N/A,N/A,N/A,N/A,N/A,N/A
78,Rome Odunze,WR,0.0,0.0,749,5.0,3,54,3,13.6,3.2/5.9
79,Tucker Kraft,TE,0.0,0.0,713,2.0,3,50,7,14.1,2.9/4.1
80,Calvin Ridley,WR,0.0,0.0,1072,6.9,8,64,5,15.9,3.8/7.1
81,Jaylen Waddle,WR,0.0,0.0,756,3.0,4,58,2,12.8,3.9/5.5
82,Travis Hunter,WR,N/A,N/A,N/A,N/A,N/A,N/A,N/A,N/A,N/A
83,Travis Kelce,TE,0.0,0.0,824,1.0,1,97,3,8.5,6.1/8.3
84,Zay Flowers,WR,0.0,0.0,1115,6.2,9,74,4,14.3,4.4/6.8
85,Joe Mixon,RB,0.1,0.0,1325,4.1,245,36,12,8.6,2.6/3.7
86,Sam Darnold,QB,32.1,12.0,4531,3.2,67,N/A,36,0.0,N/A
87,Aaron Rodgers,QB,34.4,10.6,4004,4.9,22,N/A,28,0.0,N/A
88,Geno Smith,QB,34.0,10.6,4592,5.1,53,N/A,23,0.0,N/A
89,Isiah Pacheco,RB,0.0,0.0,389,3.7,83,12,1,6.6,1.7/2.3
90,Courtland Sutton,WR,0.1,15.0,1111,0.0,N/A,81,8,13.3,4.8/7.9
91,Tony Pollard,RB,0.0,0.0,1317,4.2,260,41,5,5.8,2.6/3.6
92,George Pickens,WR,0.0,0.0,894,-3.0,2,59,3,15.3,4.2/7.4
93,Khalil Shakir,WR,0.0,0.0,825,2.0,2,76,4,10.8,5.1/6.7
94,Cam Ward,QB,N/A,N/A,N/A,N/A,N/A,N/A,N/A,N/A,N/A
95,David Montgomery,RB,0.1,3.0,1119,4.2,185,36,12,9.5,2.6/2.7
96,Russell Wilson,QB,30.5,11.6,2637,3.6,43,N/A,18,0.0,N/A
97,Stefon Diggs,WR,0.1,13.0,517,2.7,3,47,4,10.6,5.9/8.0
98,Jauan Jennings,WR,0.0,0.0,975,0.0,N/A,77,6,12.7,5.1/7.5
99,Jameson Williams,WR,0.0,0.0,1062,5.5,11,58,8,17.3,3.9/6.1
100,Travis Etienne Jr.,RB,0.0,0.0,812,3.7,150,39,2,6.5,2.6/3.5
101,Jerry Jeudy,WR,0.0,0.0,1229,0.0,N/A,90,4,13.7,5.3/8.5
102,Rashee Rice,WR,0.0,0.0,289,1.0,1,24,2,12.0,6.0/7.3
103,Tyrone Tracy Jr.,RB,0.0,0.0,1123,4.4,192,38,6,7.5,2.2/3.1
104,Brian Robinson Jr.,RB,0.0,0.0,958,4.3,187,20,8,8.0,1.4/1.8
105,Chris Godwin,WR,0.0,0.0,578,2.0,1,50,5,11.5,7.1/8.9
106,Tetairoa McMillan,WR,N/A,N/A,N/A,N/A,N/A,N/A,N/A,N/A,N/A
107,Jayden Reed,WR,0.0,0.0,1020,8.2,20,55,7,15.6,3.2/4.4
108,Jakobi Meyers,WR,0.0,0.0,1050,11.5,2,87,4,11.8,5.8/8.6
109,Ricky Pearsall,WR,0.1,0.0,445,15.0,3,31,3,12.9,2.8/4.2
110,Josh Downs,WR,0.0,0.0,815,12.0,1,72,5,11.2,5.1/7.6
111,Quinshon Judkins,RB,N/A,N/A,N/A,N/A,N/A,N/A,N/A,N/A,N/A
112,Jordan Addison,WR,0.0,0.0,895,6.7,3,63,10,13.9,4.2/6.6
113,David Njoku,TE,0.0,0.0,505,0.0,N/A,64,5,7.9,5.8/8.8
114,Evan Engram,TE,0.0,0.0,365,0.0,N/A,47,1,7.8,5.2/7.1
115,Jaylen Warren,RB,0.0,0.0,821,4.3,120,38,1,8.2,2.5/3.2
116,Rhamondre Stevenson,RB,0.0,0.0,969,3.9,207,33,8,5.1,2.2/2.7
117,Daniel Jones,QB,34.1,9.6,2335,4.0,67,N/A,10,0.0,N/A
118,J.K. Dobbins,RB,0.0,0.0,1058,4.6,195,32,9,4.8,2.5/2.9
119,Anthony Richardson Sr.,QB,24.0,14.4,2312,5.8,86,1,14,-1.0,0.1/0.1
120,Michael Pittman Jr.,WR,0.0,0.0,808,0.0,N/A,69,3,11.7,4.3/6.9
121,Javonte Williams,RB,0.0,0.0,859,3.7,139,52,4,6.7,3.1/4.1
122,Cooper Kupp,WR,0.0,0.0,720,5.0,2,67,6,10.6,5.6/8.3
123,Najee Harris,RB,0.0,0.0,1326,4.0,263,36,6,7.9,2.1/2.8
124,Dalton Kincaid,TE,0.0,0.0,448,0.0,N/A,44,2,10.2,3.4/5.8
125,Brandon Aiyuk,WR,0.0,0.0,374,0.0,N/A,25,N/A,15.0,3.6/6.7
126,Deebo Samuel Sr.,WR,0.0,0.0,806,3.2,42,51,4,13.1,3.4/5.4
127,Mark Andrews,TE,0.0,0.0,678,1.2,4,55,11,12.2,3.2/4.1
128,Marquise Brown,WR,0.0,0.0,91,0.0,N/A,9,N/A,10.1,4.5/7.5
129,Jordan Mason,RB,0.0,0.0,880,5.2,153,11,3,8.3,0.9/1.2
130,Kyle Williams,WR,N/A,N/A,N/A,N/A,N/A,N/A,N/A,N/A,N/A
131,Christian Kirk,WR,0.0,0.0,379,0.0,N/A,27,1,14.0,3.4/5.9
132,Darnell Mooney,WR,0.1,0.0,992,0.0,N/A,64,5,15.5,4.0/6.6
133,Diontae Johnson,WR,0.0,0.0,381,3.0,2,33,3,11.4,2.8/5.6
134,Dallas Goedert,TE,0.0,0.0,496,0.0,N/A,42,2,11.8,4.2/5.2
135,Matthew Golden,WR,N/A,N/A,N/A,N/A,N/A,N/A,N/A,N/A,N/A
136,Mason Rudolph,QB,28.5,10.5,1636,4.2,25,N/A,10,0.0,N/A
137,Zach Charbonnet,RB,0.0,0.0,909,4.2,135,42,9,8.1,2.5/3.1
138,Jake Ferguson,TE,0.0,0.0,494,0.0,N/A,59,N/A,8.4,4.2/6.1
139,Rashid Shaheed,WR,0.0,0.0,378,4.8,6,20,4,17.4,3.3/6.8
140,Isaac Guerendo,RB,0.0,0.0,572,5.0,84,15,4,10.1,0.9/1.0
141,Jalen Coker,WR,0.1,19.0,497,0.0,N/A,32,2,14.9,2.9/4.2
142,Marvin Mims Jr.,WR,0.0,0.0,545,3.2,13,39,6,12.9,2.3/3.1
143,Tyjae Spears,RB,0.0,0.0,536,3.7,84,30,5,7.5,2.5/2.9
144,Wan'dale Robinson,WR,0.0,0.0,717,6.0,3,93,3,7.5,5.5/8.2
145,Tyler Warren,TE,N/A,N/A,N/A,N/A,N/A,N/A,N/A,N/A,N/A
146,Cam Skattebo,RB,N/A,N/A,N/A,N/A,N/A,N/A,N/A,N/A,N/A
147,Roman Wilson,WR,0.0,0.0,N/A,0.0,N/A,N/A,N/A,0.0,N/A
148,Nick Chubb,RB,0.0,0.0,363,3.3,102,5,4,6.2,0.6/1.4
149,Brenton Strange,TE,0.0,0.0,411,0.0,N/A,40,2,10.3,2.4/3.1
150,Rashod Bateman,WR,0.0,0.0,756,0.0,N/A,45,9,16.8,2.6/4.2
151,Keon Coleman,WR,0.0,0.0,565,9.0,1,29,4,19.2,2.2/4.4
152,Jaxson Dart,QB,N/A,N/A,N/A,N/A,N/A,N/A,N/A,N/A,N/A
153,Chig Okonkwo,TE,0.0,0.0,496,17.0,1,52,2,9.2,3.1/4.1
154,Jalen Milroe,QB,N/A,N/A,N/A,N/A,N/A,N/A,N/A,N/A,N/A
155,Joe Flacco,QB,31.0,10.9,1787,2.9,9,N/A,12,0.0,N/A
156,Tyler Shough,QB,N/A,N/A,N/A,N/A,N/A,N/A,N/A,N/A,N/A
157,Emeka Egbuka,WR,N/A,N/A,N/A,N/A,N/A,N/A,N/A,N/A,N/A
158,Tank Bigsby,RB,0.0,0.0,820,4.6,168,7,7,7.7,0.4/0.8
159,Elic Ayomanor,WR,N/A,N/A,N/A,N/A,N/A,N/A,N/A,N/A,N/A
160,Malik Willis,QB,7.7,13.8,688,6.9,20,N/A,4,0.0,N/A
161,Andrei Iosivas,WR,0.0,0.0,479,0.0,N/A,36,6,13.3,2.1/3.6
162,Jonnu Smith,TE,0.0,0.0,883,-0.5,2,88,8,10.0,5.2/6.5
163,Ray Davis,RB,0.0,0.0,631,3.9,113,17,6,11.1,1.0/1.1
164,Rachaad White,RB,0.0,0.0,1006,4.3,144,51,9,7.7,3.2/3.6
165,Spencer Rattler,QB,32.6,10.1,1463,8.1,18,N/A,4,0.0,N/A
166,Jack Bech,WR,N/A,N/A,N/A,N/A,N/A,N/A,N/A,N/A,N/A
167,Will Shipley,RB,0.0,0.0,117,2.7,30,4,N/A,8.8,0.3/0.3
168,Tyler Allgeier,RB,0.0,0.0,732,4.7,137,13,3,6.8,0.8/0.8
169,Bhayshul Tuten,RB,N/A,N/A,N/A,N/A,N/A,N/A,N/A,N/A,N/A
170,Trey Benson,RB,0.0,0.0,350,4.6,63,6,1,9.8,0.5/0.5
171,Brashard Smith,RB,N/A,N/A,N/A,N/A,N/A,N/A,N/A,N/A,N/A
172,Blake Corum,RB,0.0,0.0,265,3.6,58,7,N/A,8.3,0.4/0.5
173,Jaylen Wright,RB,0.0,0.0,257,3.7,68,3,N/A,2.7,0.2/0.4
174,Pat Bryant,WR,N/A,N/A,N/A,N/A,N/A,N/A,N/A,N/A,N/A
175,Darren Waller,TE,0.0,0.0,552,0.0,N/A,52,1,10.6,4.3/6.2
176,Colston Loveland,TE,N/A,N/A,N/A,N/A,N/A,N/A,N/A,N/A,N/A
177,Kyle Pitts,TE,0.0,0.0,602,0.0,N/A,47,4,12.8,2.8/4.4
178,Dylan Sampson,RB,N/A,N/A,N/A,N/A,N/A,N/A,N/A,N/A,N/A
179,Michael Wilson,WR,0.0,0.0,555,7.0,1,47,4,11.7,2.9/4.4
180,Kyle Monangai,RB,N/A,N/A,N/A,N/A,N/A,N/A,N/A,N/A,N/A
181,Joshua Palmer,WR,0.0,0.0,584,0.0,N/A,39,1,15.0,2.6/4.3
182,Rico Dowdle,RB,0.0,0.0,1328,4.6,235,39,5,6.4,2.4/3.1
183,Adam Thielen,WR,0.0,0.0,615,0.0,N/A,48,5,12.8,4.8/6.2
184,Darius Slayton,WR,0.0,0.0,590,8.5,2,39,2,14.7,2.4/4.4
185,Pat Freiermuth,TE,0.0,0.0,653,0.0,N/A,65,7,10.0,3.8/4.6
186,Cade Otton,TE,0.0,0.0,596,-4.0,1,59,4,10.2,4.2/6.2
187,Kirk Cousins,QB,32.4,11.6,3508,0.0,23,N/A,18,0.0,N/A
188,Mike Gesicki,TE,0.0,0.0,665,0.0,N/A,65,2,10.2,3.8/4.9
189,Roschon Johnson,RB,0.0,0.0,254,2.7,55,16,6,6.5,1.1/1.4
190,Elijah Mitchell,RB,0.0,0.0,295,3.7,75,6,2,2.3,0.5/0.7
191,Mason Taylor,TE,N/A,N/A,N/A,N/A,N/A,N/A,N/A,N/A,N/A
192,Luther Burden III,WR,N/A,N/A,N/A,N/A,N/A,N/A,N/A,N/A,N/A
193,Demario Douglas,WR,0.0,0.0,637,5.3,3,66,3,9.4,3.9/5.1
194,Brandon Aubrey,K,N/A,N/A,N/A,N/A,N/A,N/A,N/A,N/A,N/A
195,Philadelphia Eagles,DST,N/A,N/A,N/A,N/A,N/A,N/A,N/A,N/A,N/A
196,Austin Ekeler,RB,0.0,0.0,733,4.8,77,35,4,10.5,2.9/3.4
197,Minnesota Vikings,DST,N/A,N/A,N/A,N/A,N/A,N/A,N/A,N/A,N/A
198,Jerome Ford,RB,0.0,0.0,790,5.4,104,37,3,6.1,2.6/3.1
199,Braelon Allen,RB,0.0,0.0,482,3.6,92,19,3,7.8,1.1/1.6
200,Denver Broncos,DST,N/A,N/A,N/A,N/A,N/A,N/A,N/A,N/A,N/A
201,Chris Boswell,K,0.0,0.0,N/A,0.0,N/A,N/A,N/A,0.0,N/A
202,Kenny Pickett,QB,8.4,11.6,306,1.7,9,N/A,3,0.0,N/A
203,AJ Dillon,RB,0.0,0.0,836,3.4,178,22,2,10.1,1.5/1.9
204,Dillon Gabriel,QB,N/A,N/A,N/A,N/A,N/A,N/A,N/A,N/A,N/A
205,Tyler Lockett,WR,0.0,0.0,600,0.0,N/A,49,2,12.2,2.9/4.4
206,Zach Ertz,TE,0.0,0.0,654,0.0,N/A,66,7,9.9,3.9/5.4
207,Hunter Henry,TE,0.0,0.0,674,0.0,N/A,66,2,10.2,4.1/6.1
208,AJ Barner,TE,0.0,0.0,245,0.0,N/A,30,4,8.2,1.8/2.2
209,Jaydon Blue,RB,N/A,N/A,N/A,N/A,N/A,N/A,N/A,N/A,N/A
210,Jalen McMillan,WR,0.0,0.0,504,10.8,4,37,8,12.5,2.8/4.5
211,Cedric Tillman,WR,0.0,0.0,334,-5.0,1,29,3,11.7,2.6/4.5
212,Dyami Brown,WR,0.1,0.0,334,8.7,3,30,1,10.3,1.9/2.5
213,Miles Sanders,RB,0.0,0.0,353,3.7,55,24,3,6.2,2.2/2.7
214,MarShawn Lloyd,RB,0.0,0.0,18,2.5,6,1,N/A,3.0,1.0/1.0
215,Kendre Miller,RB,0.0,0.0,181,3.8,39,5,1,6.6,0.8/1.3
216,Pittsburgh Steelers,DST,N/A,N/A,N/A,N/A,N/A,N/A,N/A,N/A,N/A
217,Green Bay Packers,DST,N/A,N/A,N/A,N/A,N/A,N/A,N/A,N/A,N/A
218,Los Angeles Chargers,DST,N/A,N/A,N/A,N/A,N/A,N/A,N/A,N/A,N/A
219,Harrison Butker,K,0.0,0.0,N/A,0.0,N/A,N/A,N/A,0.0,N/A
220,Xavier Legette,WR,0.0,0.0,521,4.0,6,49,4,10.1,3.1/5.3
221,Ka'imi Fairbairn,K,0.0,0.0,N/A,0.0,N/A,N/A,N/A,0.0,N/A
222,Cameron Dicker,K,N/A,N/A,N/A,N/A,N/A,N/A,N/A,N/A,N/A
223,Tyler Loop,K,N/A,N/A,N/A,N/A,N/A,N/A,N/A,N/A,N/A
224,Mitchell Trubisky,QB,2.9,9.4,180,0.1,17,N/A,2,0.0,N/A
225,Kareem Hunt,RB,0.0,0.0,904,3.6,200,23,7,7.7,1.8/2.5
226,Jake Browning,QB,0.0,0.0,-2,-1.0,2,N/A,N/A,0.0,N/A
227,Jimmy Garoppolo,QB,41.0,12.4,339,2.5,2,N/A,2,0.0,N/A
228,Tre Harris,WR,N/A,N/A,N/A,N/A,N/A,N/A,N/A,N/A,N/A
229,Zack Moss,RB,0.0,0.0,429,3.3,74,23,3,8.1,2.9/3.4
230,Isaiah Likely,TE,0.0,0.0,477,0.0,N/A,42,6,11.4,2.6/3.6
231,Audric Estime,RB,0.0,0.0,337,4.1,76,5,2,5.4,0.4/0.4
232,Devin Singletary,RB,0.0,0.0,556,3.9,113,21,4,5.7,1.4/1.6
233,Jake Bates,K,N/A,N/A,N/A,N/A,N/A,N/A,N/A,N/A,N/A
234,Chase McLaughlin,K,0.0,0.0,N/A,0.0,N/A,N/A,N/A,0.0,N/A
235,Austin Seibert,K,0.0,0.0,N/A,0.0,N/A,N/A,N/A,0.0,N/A
236,Romeo Doubs,WR,0.0,0.0,601,0.0,N/A,46,4,13.1,3.5/5.5
237,Evan McPherson,K,N/A,N/A,N/A,N/A,N/A,N/A,N/A,N/A,N/A
238,DeAndre Hopkins,WR,0.0,0.0,610,0.0,N/A,56,5,10.9,3.5/5.0
239,Juwan Johnson,TE,0.0,0.0,548,0.0,N/A,50,3,11.0,2.9/3.9
240,Mac Jones,QB,26.2,9.8,1764,3.3,28,N/A,9,0.0,N/A
241,Detroit Lions,DST,N/A,N/A,N/A,N/A,N/A,N/A,N/A,N/A,N/A
242,Houston Texans,DST,N/A,N/A,N/A,N/A,N/A,N/A,N/A,N/A,N/A
243,Buffalo Bills,DST,N/A,N/A,N/A,N/A,N/A,N/A,N/A,N/A,N/A
244,Jordan Whittington,WR,0.0,0.0,305,6.0,2,22,N/A,13.3,1.5/1.9
245,Will Reichard,K,N/A,N/A,N/A,N/A,N/A,N/A,N/A,N/A,N/A
246,Jason Sanders,K,0.0,0.0,N/A,0.0,N/A,N/A,N/A,0.0,N/A
247,Justice Hill,RB,0.0,0.0,611,4.9,47,42,4,9.1,2.8/3.4
248,Seattle Seahawks,DST,N/A,N/A,N/A,N/A,N/A,N/A,N/A,N/A,N/A
249,Baltimore Ravens,DST,N/A,N/A,N/A,N/A,N/A,N/A,N/A,N/A,N/A
250,Theo Johnson,TE,0.0,0.0,331,0.0,N/A,29,1,11.4,2.4/3.6
251,Tyler Conklin,TE,0.0,0.0,449,0.0,1,51,4,8.8,3.2/4.5
252,Ja'Tavion Sanders,TE,0.0,0.0,342,0.0,N/A,33,1,10.4,2.1/2.7
253,Elijah Arroyo,TE,N/A,N/A,N/A,N/A,N/A,N/A,N/A,N/A,N/A
254,Wil Lutz,K,0.0,0.0,N/A,0.0,N/A,N/A,N/A,0.0,N/A
255,Jake Elliott,K,0.0,0.0,N/A,0.0,N/A,N/A,N/A,0.0,N/A
256,Los Angeles Rams,DST,N/A,N/A,N/A,N/A,N/A,N/A,N/A,N/A,N/A
257,New York Jets,DST,N/A,N/A,N/A,N/A,N/A,N/A,N/A,N/A,N/A
258,San Francisco 49ers,DST,N/A,N/A,N/A,N/A,N/A,N/A,N/A,N/A,N/A
259,Raheem Mostert,RB,0.0,0.0,439,3.3,85,19,2,8.5,1.5/1.8
260,KaVontae Turpin,WR,0.0,0.0,512,5.8,16,31,4,13.5,1.8/3.1
261,Khalil Herbert,RB,0.0,0.0,155,3.6,36,10,1,2.5,0.7/0.8
262,Dameon Pierce,RB,0.0,0.0,295,7.3,40,2,2,1.0,0.2/0.4
263,Brandin Cooks,WR,0.0,0.0,256,-1.0,3,26,3,10.0,2.6/5.4
264,Jalen Tolbert,WR,0.0,0.0,610,0.0,N/A,49,7,12.4,2.9/4.6
265,Tyler Higbee,TE,0.0,0.0,66,0.0,N/A,8,2,8.2,2.7/4.0
266,Cole Kmet,TE,0.0,0.0,474,0.0,N/A,47,4,10.1,2.8/3.2
267,Alec Pierce,WR,0.0,0.0,824,0.0,N/A,37,7,22.3,2.3/4.3
268,Zamir White,RB,0.0,0.0,213,2.8,65,6,1,5.0,0.8/1.0
269,Kimani Vidal,RB,0.0,0.0,217,3.6,43,5,1,12.4,0.5/0.9
270,Jaylin Noel,WR,N/A,N/A,N/A,N/A,N/A,N/A,N/A,N/A,N/A
271,Kenneth Gainwell,RB,0.0,0.0,406,3.9,75,16,1,7.2,0.9/1.3
272,Calvin Austin III,WR,0.0,0.0,548,0.0,N/A,36,5,15.2,2.1/3.4
273,Troy Franklin,WR,0.0,0.0,271,4.0,2,28,2,9.4,1.8/3.3
274,Jalen Nailor,WR,0.0,0.0,410,-1.3,3,28,6,14.8,1.6/2.5
275,Josh Reynolds,WR,0.0,0.0,194,0.0,N/A,13,1,14.9,1.4/2.7
276,Curtis Samuel,WR,0.0,0.0,267,2.8,5,31,1,8.2,2.2/3.3
277,Quentin Johnston,WR,0.0,0.0,717,2.0,3,55,8,12.9,3.7/6.1
278,Dalton Schultz,TE,0.0,0.0,532,0.0,N/A,53,2,10.0,3.1/5.0
279,Ollie Gordon II,RB,N/A,N/A,N/A,N/A,N/A,N/A,N/A,N/A,N/A
280,Luke McCaffrey,WR,0.0,0.0,168,0.0,N/A,18,N/A,9.3,1.1/1.4
281,Kalel Mullings,RB,N/A,N/A,N/A,N/A,N/A,N/A,N/A,N/A,N/A
282,Isaac TeSlaa,WR,N/A,N/A,N/A,N/A,N/A,N/A,N/A,N/A,N/A
283,Tutu Atwell,WR,0.1,0.0,569,3.5,2,42,N/A,13.4,2.5/3.6
284,Terrance Ferguson,TE,N/A,N/A,N/A,N/A,N/A,N/A,N/A,N/A,N/A
285,Noah Fant,TE,0.0,0.0,500,0.0,N/A,48,1,10.4,3.4/4.6
286,Stone Smartt,TE,0.0,0.0,208,0.0,N/A,16,N/A,13.0,1.1/1.3
287,Harold Fannin Jr.,TE,N/A,N/A,N/A,N/A,N/A,N/A,N/A,N/A,N/A
288,Malik Washington,WR,0.0,0.0,248,5.0,5,26,1,8.6,1.9/2.6
289,Adonai Mitchell,WR,0.1,24.0,342,1.5,4,23,N/A,13.6,1.4/3.2
290,DJ Giddens,RB,N/A,N/A,N/A,N/A,N/A,N/A,N/A,N/A,N/A
291,Jaleel McLaughlin,RB,0.0,0.0,572,4.4,113,24,3,3.2,1.5/1.7
292,Jayden Higgins,WR,N/A,N/A,N/A,N/A,N/A,N/A,N/A,N/A,N/A
293,Michael Mayer,TE,0.0,0.0,156,0.0,N/A,21,N/A,7.4,1.9/2.9
294,Ray-Ray McCloud III,WR,0.0,0.0,765,7.9,10,62,1,11.1,3.6/5.1
295,Jarquez Hunter,RB,N/A,N/A,N/A,N/A,N/A,N/A,N/A,N/A,N/A
296,Dontayvion Wicks,WR,0.0,0.0,415,0.0,N/A,39,5,10.6,2.3/4.5
297,Will Dissly,TE,0.0,0.0,481,0.0,N/A,50,2,9.6,3.3/4.3
298,Taysom Hill,TE,1.2,18.5,892,6.0,96,9,9,8.6,0.6/0.8
299,Devin Neal,RB,N/A,N/A,N/A,N/A,N/A,N/A,N/A,N/A,N/A
300,Isaiah Davis,RB,0.0,0.0,249,5.8,30,9,2,8.3,0.5/0.7
301,Malachi Corley,WR,0.0,0.0,42,13.0,2,3,N/A,5.3,0.3/0.7
302,Kayshon Boutte,WR,0.0,0.0,589,0.0,N/A,43,3,13.7,2.9/4.5
303,Demarcus Robinson,WR,0.0,0.0,505,0.0,N/A,31,7,16.3,1.8/3.8
304,Jermaine Burton,WR,0.0,0.0,107,0.0,N/A,4,N/A,26.8,0.3/1.0
305,Mack Hollins,WR,0.0,0.0,378,0.0,N/A,31,5,12.2,1.8/2.9